{
    "type": "minecraft:crafting_shaped",
    "category": "building",
    "pattern": [
        "   ",
        "121",
        "   "
    ],
    "key": {
        "1": "#minecraft:signs",
        "2": "#minecraft:wooden_stairs"
    },
    "result": {
            "id": "minecraft:allay_spawn_egg",
            "components": {
                "minecraft:item_model": "minecraft:prismarine_stairs",
                "minecraft:enchantment_glint_override": true,

                "minecraft:custom_name": {
                    "text": "椅子化の階段",
                    "color": "aqua",
                    "italic": false
                },
                "minecraft:lore": [
                    {
                        "text": "ブロックの上に設置することで設置したブロックに座ることができる",
                        "color": "white",
                        "italic": false
                    }
                ],
                "minecraft:entity_data": {
                    "id": "minecraft:armor_stand",
                    "Silent": true,
                    "Tags": [
                        "mkChair_Place_lv1",
                        "mkChair_Place"
                    ],
                    "Invisible": true,
                    "Marker": false
                }
            },
            "count": 1
        },
        "show_notification": false
    }