{
    "type": "minecraft:crafting_shaped",
    "category": "building",
    "pattern": [
        "212",
        "131",
        "212"
    ],
    "key": {
        "1": "minecraft:gold_block",
        "2": "minecraft:diamond",
        "3": "#minecraft:wooden_stairs"
    },
    "result": {
            "id": "minecraft:allay_spawn_egg",
            "components": {
                "minecraft:item_model": "minecraft:end_stone_brick_stairs",
                "minecraft:enchantment_glint_override": true,

                "minecraft:custom_name": {
                    "text": "座りやすい椅子化の階段",
                    "color": "light_purple",
                    "italic": false
                },
                "minecraft:lore": [
                    {
                        "text": "ブロックの上に設置することで設置したブロックに座ることができる",
                        "color": "white",
                        "italic": false
                    },
                    {
                        "text": "3分間座ることで最大体力と攻撃力が20分間増加する",
                        "color": "white",
                        "italic": false
                    },
                    {
                        "text": " "
                    },
                    {
                        "text": "座った時の効果:",
                        "color": "gray",
                        "italic": false
                    },
                    {
                        "text": " 満腹度回復(中)",
                        "color": "blue",
                        "italic": false
                    },
                    {
                        "text": " 体力回復(小)",
                        "color": "blue",
                        "italic": false
                    }
                ],
                "minecraft:entity_data": {
                    "id": "minecraft:armor_stand",
                    "Silent": true,
                    "Tags": [
                        "mkChair_Place_lv2",
                        "mkChair_Place"
                    ],
                    "Invisible": true,
                    "Marker": false
                }
            },
            "count": 1
        },
        "show_notification": false
    }