{
    "criteria": {
        "click": {
            "trigger": "minecraft:player_interacted_with_entity",
            "conditions": {
                "player": {
                    "type": "minecraft:player"
                },
                "entity": {
                    "type": "minecraft:interaction",
                    "nbt": "{Tags:[\"mkChair_Interaction\"]}"
                }
            }
        }
    },
    "rewards": {
        "function": "mk_sit:chair/interact/"
    }
}