{
    "criteria": {
        "getEvent": {
            "trigger": "minecraft:tick",
            "conditions": {
                "player": [
                    {
                        "condition": "minecraft:value_check",
                        "value": {
                            "type": "minecraft:score",
                            "target": "this",
                            "score": "mkChair.place",
                            "scale": 1
                        },
                        "range": {
                            "min": 1
                        }
                    }
                ]
            }
        }
    },
    "rewards": {
        "function": "mk_sit:chair/place"
    }
}