{
    "type": "minecraft:command",
    "pools": [
        {
            "rolls": 1,
            "entries": [
                {
                    "type": "minecraft:item",
                    "name": "minecraft:allay_spawn_egg",
                    "weight": 1,
                    "quality": 1,
                    "conditions": [],
                    "functions": [
                        {
                            "function": "minecraft:set_components",
                            "components": {
                            "minecraft:entity_data": {
                                "id": "minecraft:armor_stand",
                                "Silent": true,
                                "Tags": [
                                    "mkChair_Place_lv1",
                                    "mkChair_Place"
                                ],
                                "Invisible": true,
                                "Marker": false
                            },
                                "minecraft:enchantment_glint_override": true,
                                "minecraft:item_model": "minecraft:prismarine_stairs"
                            }
                        },
                        {
                            "function": "minecraft:set_lore",
                            "lore": [
                                {
                                    "text": "ブロックの上に設置することで設置したブロックに座ることができる",
                                    "color": "white",
                                    "italic": false
                                }
                            ],
                            "mode": "replace_all"
                        },
                        {
                            "function": "minecraft:set_name",
                            "name": {
                                "text": "椅子化の階段",
                                "color": "aqua",
                                "italic": false
                            }
                        }
                    ]
                }
            ]
        }
    ]
}