{
    "criteria": {
        "getTick": {
            "trigger": "minecraft:tick",
            "conditions": {
                "player": [
                    {
                        "condition": "minecraft:inverted",
                        "term": {
                            "condition": "minecraft:entity_properties",
                            "entity": "this",
                            "predicate": {
                                "type": "minecraft:player",
                                "vehicle": {
                                    "type": "minecraft:interaction",
                                    "nbt": "{Tags:[\"mkChair_Interaction\"]}"
                                }
                            }
                        }
                    },
                    {
                        "condition": "minecraft:any_of",
                        "terms": [
                            {
                                "condition": "minecraft:value_check",
                                "value": {
                                    "type": "minecraft:score",
                                    "target": "this",
                                    "score": "mkChair.Buff_1",
                                    "scale": 1
                                },
                                "range": {
                                    "min": 1
                                }
                            },
                            {
                                "condition": "minecraft:value_check",
                                "value": {
                                    "type": "minecraft:score",
                                    "target": "this",
                                    "score": "mkChair.Buff_2",
                                    "scale": 1
                                },
                                "range": {
                                    "min": 1
                                }
                            },
                            {
                                "condition": "minecraft:value_check",
                                "value": {
                                    "type": "minecraft:score",
                                    "target": "this",
                                    "score": "mkChair.Buff_3m",
                                    "scale": 1
                                },
                                "range": {
                                    "min": 1
                                }
                            }
                        ]
                    }
                ]
            }
        }
    },
    "rewards": {
        "function": "mk_sit:chair/buff/remove_score"
    }
}